country,area_ha,extent_2000_ha,extent_2010_ha,gain_2000-2020_ha,tc_loss_ha_2001,tc_loss_ha_2002,tc_loss_ha_2003,tc_loss_ha_2004,tc_loss_ha_2005,tc_loss_ha_2006,tc_loss_ha_2007,tc_loss_ha_2008,tc_loss_ha_2009,tc_loss_ha_2010,tc_loss_ha_2011,tc_loss_ha_2012,tc_loss_ha_2013,tc_loss_ha_2014,tc_loss_ha_2015,tc_loss_ha_2016,tc_loss_ha_2017,tc_loss_ha_2018,tc_loss_ha_2019,tc_loss_ha_2020,tc_loss_ha_2021,tc_loss_ha_2022
Afghanistan,64385715,148430,46242,10741,78,135,200,159,170,112,201,84,48,61,94,30,1,2,0,0,0,19,15,33,23,5
Akrotiri and Dhekelia,23448,336,238,42,1,1,0,2,0,2,3,1,3,0,1,2,1,1,5,9,1,1,1,0,1,0
Albania,2873537,534848,428833,16472,3402,837,533,2994,631,901,4892,5034,1253,606,1034,4823,2223,941,254,758,1372,1798,947,940,1371,1778
Algeria,230804377,895576,472785,89152,2427,2305,3019,3311,3401,4199,4160,6392,8507,2135,7192,8961,5045,6993,4267,6004,37696,4295,4620,9831,15636,10492
Andorra,45196,16889,16179,120,2,1,0,20,2,7,2,5,3,1,1,8,3,1,2,0,3,14,7,26,2,14
Angola,124742298,31917530,29980806,1224126,76820,43061,35582,43422,53063,48241,88808,56013,92730,111802,100568,113042,99292,135584,102506,137072,159388,146256,101978,133793,190583,158427
Anguilla,8332,1372,686,70,2,0,0,5,2,0,5,7,1,0,1,1,1,0,0,0,1,0,0,0,1,0
Antigua and Barbuda,43576,17271,16351,362,23,17,16,25,59,58,36,43,59,18,25,32,20,23,9,14,69,157,23,15,35,35
Argentina,278010122,23116356,23907653,1107735,102144,73470,132020,248387,228611,210531,247500,396089,206806,297486,355899,347089,253702,155456,119321,143415,159830,112695,98278,133587,136385,163232
Armenia,2969009,294622,177146,12256,122,164,387,73,98,121,48,103,188,150,167,184,35,35,2,29,23,5,1,18,4,8
Aruba,18198,16,8,19,0,1,1,0,0,0,0,0,0,0,0,0,0,0,0,0,0,0,0,0,0,0
Australia,768791340,25719710,24451140,1600600,67023,84679,151950,94286,96246,114450,181580,127334,168109,87901,86676,88031,181744,192619,149473,305288,175039,155010,1227182,1951339,197488,80012
Austria,8385802,4114725,4008210,36317,6828,10753,14270,14412,21411,12468,31317,26662,15748,16521,17949,11034,7470,9654,7841,16985,18141,25993,33173,25633,16435,19541
Azerbaijan,8623533,1113390,873912,30270,488,1065,983,491,206,466,455,435,322,468,126,526,131,299,26,24,79,75,10,21,69,143
Bahamas,1338763,256960,264112,6316,411,667,257,542,1395,847,545,1881,741,381,603,342,1464,698,957,2909,3054,805,1315,2328,1340,487
Bahrain,71518,0,0,62,0,0,0,0,0,0,0,0,0,0,0,0,0,0,0,0,0,0,0,0,0,0
Bangladesh,13938437,1522871,1504904,317862,4507,3866,2087,4077,3197,6557,3762,4242,5355,4420,3976,5102,5482,11039,11338,19238,25939,17501,20410,19775,16073,12572
Barbados,43466,4619,4960,377,8,9,2,7,7,2,27,11,11,15,17,112,5,2,2,14,15,22,52,20,15,5
Belarus,20706912,8384058,8482951,963616,17702,24310,31052,37532,35389,41383,32007,35319,34896,35298,44825,39066,27279,32760,32732,85982,75113,82879,72072,66645,61782,63187
Belgium,3070744,778290,778429,41687,927,2310,1843,4678,2938,6802,5885,7093,5082,10743,4958,5583,3261,4160,3344,4359,3971,4446,5348,5224,8917,4652
Belize,2198946,1710654,1663792,18602,8120,13246,6766,4251,8028,4222,12142,8160,10206,9722,26288,11478,16287,16306,12158,20366,16036,10996,17956,26381,9159,8048
Benin,11542318,9000,14047,181408,1882,924,805,115,249,318,844,81,803,99,95,522,29,23,8,59,37,18,6,16,15,15
Bermuda,6808,437,592,0,0,1,0,1,0,0,0,0,0,1,0,0,1,1,0,0,0,0,0,0,0,0
Bhutan,3876296,2366473,2116634,28221,276,206,472,921,706,563,468,717,1098,3857,958,691,406,1093,631,1689,1691,1028,697,1098,1049,1073
Bolivia,108339285,57489600,56624124,617222,133411,170042,158708,190346,238167,206660,184564,348141,212937,436578,316823,260861,164472,240758,152102,439062,433995,279213,793740,408102,524932,561236
"Bonaire, Sint Eustatius and Saba",32366,1759,2052,270,3,2,16,0,1,7,1,1,1,2,9,3,3,1,0,0,0,0,2,10,0,0
Bosnia and Herzegovina,5106883,2477204,2353158,53276,1418,622,281,3875,549,502,2293,1406,1221,873,915,2178,2397,1729,552,2213,1206,2504,1180,1735,942,1879
Botswana,57788401,1278,228,13303,29,1,1,2,1,3,4,3,1,1,0,1,0,1,0,0,0,0,0,0,0,0
Brazil,850035650,475688332,453286661,8062336,2511772,3259112,2971953,3554955,3271827,2644935,2370608,2211986,1608447,2411940,1720221,2579923,1712477,2368690,1955191,4980661,4188994,2688477,2466243,3026629,2713081,2997702
British Virgin Islands,16932,6856,6447,24,4,3,2,3,4,2,6,7,5,4,15,1,2,0,0,3,228,6,1,0,4,2
Brunei,577779,523736,522184,7532,1229,1080,791,1189,1270,1003,1546,1291,2160,961,2609,1823,875,2166,1688,2475,919,783,1120,1121,936,901
Bulgaria,11158731,3858690,3539261,106351,7848,4458,5068,7980,6462,5037,9307,6264,6006,3528,3259,9769,3566,6487,7064,7102,7210,9342,3950,4549,6436,3850
Burkina Faso,27341711,6,70,142766,1,0,1,1,2,1,0,0,0,0,1,0,0,0,0,0,0,0,0,0,0,0
Burundi,2693531,140709,142433,16374,886,493,825,303,478,167,964,943,415,1164,561,381,375,805,501,553,568,806,749,556,770,514
Cambodia,18135961,7482328,6470494,147334,25720,46903,51061,73502,60782,76410,72927,80252,114045,223667,184178,181193,173384,140656,115930,161038,100471,92130,118657,120786,121980,86567
Cameroon,46604006,25260678,24763265,351063,34078,24965,22752,19882,22356,30864,38306,28689,32964,51758,24547,45406,74194,161615,71595,106407,166374,107421,107327,186638,153452,131397
Canada,983422994,324180961,312998470,16965179,1190287,2025868,1409331,2311650,2513877,2021291,1794700,1572220,1289935,1636328,1709384,2060338,2099934,1688961,2175584,1783740,1848975,1850379,1946116,1089479,2080579,1813746
Cape Verde,409098,3744,4765,0,7,22,8,1,5,5,0,0,7,1,15,7,7,3,0,0,0,8,0,2,0,0
Caspian Sea,37158134,92180,87864,300,8,20,5,10,4,7,6,12,5,8,33,20,52,2,0,0,5,0,0,0,0,1
Cayman Islands,28040,12395,12646,497,17,5,5,44,8,14,15,27,23,34,34,8,17,6,0,64,62,40,10,6,9,24
Central African Republic,62019959,30767843,30744241,482449,27144,28554,12309,12968,24406,39351,30492,22509,42231,42414,41872,47159,28556,39744,17526,44214,49107,27505,34702,43068,55473,37630
Chad,126995175,7270,33770,256622,85,189,34,20,50,214,49,154,52,15,75,129,13,19,26,17,77,55,34,32,39,38
Chile,75735292,17815815,18908635,731819,72363,77536,82102,84959,105565,91058,120431,121975,87809,90648,97345,171430,96126,110299,97719,103249,188435,67679,68244,61613,60903,58711
China,938223516,131375325,110137157,6689626,216677,231136,240819,461635,359075,525806,613984,702066,561641,589924,562960,555366,377443,449510,411620,589258,510993,445815,384637,325614,418093,479046
Clipperton Island,1009,0,0,0,0,0,0,0,0,0,0,0,0,0,0,0,0,0,0,0,0,0,0,0,0,0
Colombia,113675875,78314737,76872920,1085199,223766,178715,118341,248254,184467,185201,262621,227052,231807,193577,186570,222002,135459,195806,136900,282988,412491,343634,260227,315449,257900,257886
Comoros,167305,105959,111804,82,32,39,22,37,77,13,70,31,100,88,102,102,1089,1108,364,109,254,209,255,248,149,152
Costa Rica,5117667,3684715,3545540,57877,14831,12688,8058,9167,15552,9734,11068,20917,21792,12801,10158,10067,7496,10404,3168,13380,21615,11862,10952,7921,7502,8195
Croatia,5707840,2228570,2110189,59573,3064,2088,1514,5927,2626,2053,2966,3522,2664,3366,2616,4756,2871,4442,2475,5121,5315,7901,5785,5844,5096,7460
Cuba,11073122,3617394,3585000,164351,16883,14150,5941,20006,12126,11633,7407,15907,15171,8131,15120,9839,5611,5248,6090,72894,75012,13876,6661,11830,8848,4487
Curaçao,43777,1940,1094,176,1,1,1,1,1,1,1,1,2,0,1,7,3,1,1,2,0,0,1,2,3,3
Cyprus,571956,53669,50406,3222,61,19,15,57,20,37,653,51,36,38,85,20,6,14,14,361,259,20,22,17,338,40
Czech Republic,7883559,2879777,2943029,77300,3382,6616,3840,13200,25245,8491,21023,16599,13318,15204,21578,13796,7435,13509,7850,22330,25938,38518,71963,98483,55417,34119
Côte d'Ivoire,32165794,6357505,5162169,881678,94921,111569,64599,34582,38279,69245,61084,87928,84306,69137,96297,74344,106061,187644,86549,107505,163631,163106,108273,114599,77134,79987
Democratic Republic of the Congo,232912781,164388383,159424995,1591179,434259,481141,245923,375117,450441,430001,425810,374827,589052,747463,399874,573649,863637,1255968,878803,1315928,1380535,1291774,1158819,1229683,1168174,1149266
Denmark,4314472,561143,543971,95181,4076,1138,1490,2321,8900,5106,4279,5942,6498,4360,3102,4360,1930,5102,2437,4391,4060,2929,8516,2935,4461,3106
Djibouti,2186336,0,0,1,0,0,0,0,0,0,0,0,0,0,0,0,0,0,0,0,0,0,0,0,0,0
Dominica,75428,70127,69096,80,23,12,27,79,52,25,40,93,74,92,44,144,22,12,2,7,23275,778,58,65,30,32
Dominican Republic,4809195,2236242,2040970,54804,10504,9644,9991,18251,24023,12294,14971,20372,13004,13205,12139,17001,11205,12501,13925,23419,25283,12605,13598,19754,12949,11626
Ecuador,25611545,17913830,17337122,218568,44048,29224,13442,36043,39239,34786,58697,51050,56343,33264,43158,72594,46056,29504,29220,42558,69539,37847,34911,48086,29748,51630
Egypt,98376439,14628,21392,4206,96,25,38,42,28,19,42,52,35,48,57,220,6,9,4,7,8,9,5,1,4,1
El Salvador,2042273,801729,758047,14647,8601,4137,5322,4088,5344,4007,2682,3022,3904,2608,3009,2313,1718,1877,2052,5233,4165,2425,1986,2007,1337,1476
Equatorial Guinea,2695935,2633384,2572528,5167,3543,2958,1925,406,1589,1215,2985,4686,5584,6417,7515,4848,7171,18855,7345,9425,11791,7685,9375,4755,8719,7651
Eritrea,12045733,2,1,10676,2,0,0,0,0,0,0,0,0,0,0,0,0,0,0,0,0,0,0,0,0,0
Estonia,4548974,2465465,2503972,165131,16743,21809,5610,18016,14733,21504,16110,18224,18699,21418,27136,17632,16881,23271,25130,35752,38258,39436,45248,36093,33484,38595
Ethiopia,112951807,5425720,5926136,403582,8206,7777,10482,9095,9447,7899,18897,14045,18015,12801,10449,27749,17317,17522,5624,9429,22277,11357,17931,10763,10410,10355
Falkland Islands,1239764,1066,5026,0,0,0,0,0,0,0,0,0,0,0,0,0,0,0,0,0,0,0,0,0,0,0
Faroe Islands,143971,0,0,0,0,0,0,0,0,0,0,0,0,0,0,0,0,0,0,0,0,0,0,0,0,0
Fiji,1808231,1395342,1291536,5410,1079,696,1558,2058,1649,1859,2127,2355,1772,2325,543,1130,2532,3253,1702,7845,2687,1230,1320,1851,6636,884
Finland,33693918,18308144,19670293,1357022,149079,140349,88244,144132,226725,179241,150142,197949,173232,165944,157723,158421,144301,180767,167547,230799,322524,259746,279589,244270,257024,245440
France,54951498,15270417,14862863,695648,32048,31569,23979,71059,43584,52109,47068,84070,64544,140179,62469,65152,28221,41367,34553,55263,62873,63994,76301,73699,107793,54114
French Guiana,8330097,8153381,8120125,10103,3022,2488,1883,4787,2828,2529,3318,5209,2857,3199,2706,9758,2953,4157,2841,6062,4096,3709,3281,4267,2195,3820
French Southern Territories,4362,60,157,0,0,0,0,0,0,0,0,0,0,6,0,0,0,0,0,0,0,0,0,0,0,0
Gabon,26454970,24158394,23913959,50031,14514,13337,16463,9498,17188,17540,15595,16049,17844,10270,17070,16490,42164,47099,24888,31303,37803,26178,27961,21362,17835,28421
Gambia,1067051,37,83,15327,0,1,0,2,1,1,0,8,1,0,0,1,0,0,0,0,0,0,0,0,0,0
Georgia,6984457,2956338,2734583,93537,646,519,286,1907,523,510,957,728,428,769,522,445,229,101,41,499,192,287,160,215,411,275
Germany,35783856,11707136,11645770,342762,14843,14782,6241,43940,39088,41988,92222,60675,28293,74857,33833,25536,14843,20343,12603,26031,31956,51051,106354,185000,200148,84995
Ghana,23832413,4253663,3610769,312124,34044,66582,19515,14890,33591,21846,32264,27719,31562,14012,28096,27597,54268,78958,36709,71839,61736,88521,50492,82000,59668,71470
Gibraltar,721,100,94,1,0,0,0,0,0,0,0,0,0,0,0,0,0,0,0,0,0,0,0,0,0,0
Greece,13257505,2960494,2679951,71537,10933,4473,2205,5906,3586,6320,40862,18973,5858,6732,5283,10747,3709,2951,3030,4570,6290,5219,5862,4124,40163,7699
Greenland,12409769,0,0,0,0,0,0,0,0,0,0,0,0,0,0,0,0,0,0,0,0,0,0,0,0,0
Grenada,35953,27654,25738,85,33,66,70,630,47,31,68,63,93,157,40,40,25,82,6,59,28,110,21,18,16,20
Guadeloupe,165029,90175,91790,1509,308,48,73,183,208,60,151,127,115,119,72,271,156,181,69,68,59,96,67,49,64,39
Guatemala,10915098,6951962,6219667,291032,50532,53475,92505,54262,97026,50528,122873,75091,84994,58141,39546,81927,53972,60005,52243,174328,76706,67957,86802,95885,47793,44126
Guernsey,8845,1155,1379,79,1,0,0,0,0,0,0,0,1,0,1,1,0,0,0,0,0,0,0,0,1,0
Guinea,24481607,2155938,2409503,272657,10425,17868,5276,6920,5462,6968,16530,8674,10008,6663,9366,10202,43279,41958,46852,66686,71082,49098,55445,56411,44812,38928
Guinea-Bissau,3388205,314210,203571,43269,703,2901,497,1265,1623,855,2003,1441,3505,2750,2085,1615,7819,5727,5202,6643,6693,6034,6105,7546,5940,4275
Guyana,20974416,18900466,18825319,30502,9966,4785,7367,4033,5797,5890,5221,9415,8207,10012,8317,13029,7070,12049,13013,26360,19361,11704,22159,15690,9502,10523
Haiti,2710684,657383,561844,13832,2012,1757,915,1958,1738,996,1696,1857,2120,1759,2222,3783,2803,3427,2690,16554,5086,3812,4034,3383,2135,1561
Honduras,11228980,6696598,6478959,137965,40267,29957,31461,25159,38399,38988,40446,40402,49840,44335,50851,31240,42044,55137,47230,177419,107673,73050,77392,90844,67035,55355
Hong Kong,112913,52270,50638,676,7,12,6,17,8,19,26,23,44,12,14,13,3,22,18,26,58,76,16,36,23,42
Hungary,9305264,1797831,1722048,207301,7397,7575,5655,11852,10232,7839,9163,8627,9921,11115,8103,11640,8496,14237,10221,13232,13325,12986,13634,11404,12995,13924
Iceland,10222426,0,175958,0,0,0,0,0,0,0,0,0,0,0,0,0,0,0,0,0,0,0,0,0,0,0
India,315279651,30465293,23802597,1881689,58273,48500,43330,66983,56566,60216,66139,77279,71301,46887,76084,83478,70317,121980,104529,156387,169313,114924,106397,121378,119403,108637
Indonesia,189024469,155063352,150794757,4882138,734820,845679,540480,1274925,1170930,1414754,1371557,1381812,1927451,1271074,1530074,2234684,1113899,1840272,1697199,2351383,1249678,1172038,1127530,927805,810566,851369
Iran,162173903,1545483,973603,49762,293,483,279,224,141,110,107,327,168,157,215,363,49,51,0,2,86,65,135,18,17,77
Iraq,44535865,6658,18089,9457,13,6,15,3,3,4,7,14,9,9,2,6,1,1,0,0,0,0,0,0,0,0
Ireland,7036645,638979,1000868,284263,8919,5042,2175,6470,7765,5109,10852,6591,7065,3626,3018,5663,4538,5504,4289,8813,5720,7902,9549,5763,8060,6130
Isle of Man,57967,10279,10476,1000,14,12,2,8,9,25,27,0,45,48,12,31,14,40,10,16,16,11,19,7,13,17
Israel,2215883,18035,14588,5318,108,89,21,34,106,94,30,49,62,59,924,33,23,73,33,42,55,25,32,22,12,40
Italy,30075443,8382318,8159559,189387,9070,10194,3187,15934,9993,7956,10777,14101,13863,15251,10866,20266,13989,18336,12921,22678,30223,36529,57731,26903,26068,26751
Jamaica,1099980,729817,698102,5833,1202,1578,973,3795,7489,2700,1229,1965,3435,2309,2330,2555,1275,2721,2828,1934,2120,2143,2200,2086,1427,1085
Japan,37240327,25597514,25204587,221004,23440,25729,19468,36691,35925,38465,45098,40377,40450,35390,35594,45145,22909,27743,30744,54138,46887,49854,50791,47517,47910,53111
Jersey,12513,1237,1262,110,4,1,0,1,0,0,0,2,1,7,3,7,0,0,0,0,1,0,0,0,2,0
Jordan,8911879,1531,960,872,0,0,0,1,0,0,0,0,0,0,0,0,0,0,0,0,1,0,0,0,0,0
Kazakhstan,273053036,3155281,3073794,71224,2791,1792,1049,1975,1998,1587,2379,2527,5201,2532,3651,3119,1997,445,162,1007,565,880,1040,1264,572,1849
Kenya,58598336,1891472,1959165,117013,16210,17631,10606,12941,9344,16719,21373,14237,12812,18998,13313,14032,8842,10043,11427,12505,14865,10538,9651,11891,2857,3303
Kiribati,690,0,0,0,0,0,0,0,0,0,0,0,0,0,0,0,0,0,0,0,0,0,0,0,0,0
Kosovo,1091976,334618,274502,9293,1107,213,257,567,306,502,790,1119,765,461,793,1598,712,733,459,887,601,580,680,942,505,753
Kuwait,1738894,0,0,51,0,0,0,0,0,0,0,0,0,0,0,0,0,0,0,0,0,0,0,0,0,0
Kyrgyzstan,19864899,430352,270475,67691,553,253,73,147,60,75,82,80,159,230,99,60,22,10,0,11,47,10,14,11,15,23
Laos,23000148,18125587,17017161,101748,34212,52405,83838,61647,66954,118226,129345,78025,141008,163450,125786,140136,192946,227168,268035,364581,325175,274571,339119,337062,299049,303371
Latvia,6470996,3321041,3372228,290489,24637,28893,21198,30391,40362,38475,35856,29098,34669,48165,44490,34062,27342,31597,30295,43990,46000,45866,56250,49295,47542,55928
Lebanon,1023804,44020,34553,6369,259,55,65,79,239,112,217,331,290,90,107,129,106,119,129,179,188,176,277,344,493,396
Lesotho,3054531,522,954,2973,0,1,0,1,0,1,1,2,1,1,1,1,1,2,1,2,2,1,2,3,4,1
Liberia,9591802,9055167,8405571,57762,28552,55817,21002,6117,11016,35085,43106,35143,73699,19941,33662,70149,147977,155474,178901,160770,193876,195545,164067,210197,125035,145226
Libya,161606185,1803,392,1499,7,17,10,4,7,7,1,1,2,3,3,1,28,1,0,0,4,1,1,1,0,0
Liechtenstein,16204,8197,7859,56,3,0,0,9,5,11,8,9,4,3,2,4,2,3,1,5,4,6,11,3,1,2
Lithuania,6501663,2178847,2192698,241548,7839,10194,8824,12876,20164,17237,15831,15015,14295,21491,21574,17454,13596,15503,15423,24600,24835,19232,23863,22297,22075,23177
Luxembourg,258156,96722,96535,2851,65,88,102,306,66,358,495,973,213,874,445,442,344,423,323,508,396,446,497,640,1041,313
Macao,3413,342,329,7,1,1,0,0,0,3,4,3,2,1,1,1,0,1,1,0,3,1,2,1,0,1
Macedonia,2482515,696107,498640,12568,1931,855,879,2147,1286,2009,3596,3822,4157,2188,2126,2778,1049,1724,764,1443,1046,1403,1665,1742,1998,2300
Madagascar,59144707,12241380,11904520,173322,77606,77814,66890,71174,77344,49819,156678,102096,117029,91190,146202,111113,253480,320150,245544,317199,401749,297401,197933,195677,179393,199608
Malawi,11802885,313125,351696,41602,1324,2551,3238,2783,3860,2911,3632,4514,1705,1762,3984,6579,3854,7329,4372,4984,4625,4376,4073,5318,4764,5260
Malaysia,32938349,28977160,27990866,1004945,326084,308556,182120,348711,372693,332281,403486,366672,620776,429379,461843,625171,329940,637593,448589,556067,476230,431089,388344,262653,271212,242163
Maldives,27913,4495,2312,31,5,4,2,2,3,4,6,7,5,3,10,2,4,3,0,0,0,0,0,0,0,0
Mali,125119256,390,430,203580,166,63,11,33,12,5,15,20,20,12,20,4,0,0,0,0,0,0,0,0,0,0
Malta,32335,85,54,11,1,2,0,2,0,1,1,1,1,0,1,0,0,0,0,0,0,0,0,0,0,0
Martinique,111788,70992,69963,678,188,48,284,162,198,88,153,270,195,73,150,298,134,143,28,23,107,48,57,62,40,30
Mauritania,104117151,16,0,711,15,0,1,0,0,0,0,0,0,0,0,0,0,0,0,0,0,0,0,0,0,0
Mauritius,191367,50858,55369,0,149,142,101,275,152,119,117,168,197,21,356,130,89,324,0,0,0,0,0,0,0,0
Mayotte,39165,30547,30197,249,31,21,29,4,32,41,20,41,6,31,2,122,298,1038,16,79,42,68,33,159,58,70
Mexico,195185465,42125966,38639036,1423107,144740,145678,140228,154229,187027,163616,197895,168050,258812,152008,171847,161229,202952,157509,184992,253141,277663,242081,306001,283411,171722,163825
Micronesia,10267,6017,6002,0,0,0,0,0,0,0,0,0,0,75,0,0,0,0,0,0,0,0,0,0,0,0
Moldova,3390781,315736,298910,36546,133,216,93,236,99,165,215,124,169,166,168,1578,153,348,486,793,1044,834,785,1363,1082,1070
Monaco,235,0,0,0,0,0,0,0,0,0,0,0,0,0,0,0,0,0,0,0,0,0,0,0,0,0
Mongolia,156624745,1863043,1244280,78601,17444,12494,18137,27855,4823,8096,39247,33459,58739,5281,2052,14001,239,250,5859,2475,10747,6516,883,239,100,53
Montenegro,1333523,550242,503009,9784,795,166,178,857,166,158,961,1348,527,195,452,1118,2133,1303,171,1070,917,1496,623,934,481,1104
Montserrat,10062,4290,3871,250,7,2,2,8,24,12,10,6,5,107,6,2,1,0,0,6,0,9,5,2,2,0
Morocco,41348767,436049,250765,81646,1398,3026,1409,937,1000,1614,2011,2646,897,772,2744,1293,583,1300,665,1425,1724,1595,948,2969,1166,10251
Mozambique,78729717,10493860,10327866,583188,32412,52748,39467,47747,70115,87727,66061,103213,110324,100481,82075,72498,86620,112660,99132,140319,182283,83657,114878,112070,137454,116315
Myanmar,66929667,39793697,37223918,636627,42344,62065,72737,95856,87217,117618,137944,111841,204580,161506,128114,207731,225984,300048,267558,330841,310081,253658,281018,282945,278037,238172
Namibia,82385622,571,47,15114,148,36,101,27,5,4,8,2,4,2,7,2,0,0,0,0,0,0,0,0,0,0
Nauru,2215,0,0,0,0,0,0,0,0,0,0,0,0,0,0,0,0,0,0,0,0,0,0,0,0,0
Nepal,14766250,4308185,3547665,174008,1313,1824,1913,1893,2308,2658,2822,2415,4551,1808,2446,4309,671,925,503,832,2042,1399,1766,1865,2330,1705
Netherlands,3766566,473967,546956,60819,701,760,292,1203,1388,1409,1604,1097,1493,3247,1115,923,487,812,851,1312,1212,1136,2276,1770,2315,1090
New Caledonia,1882559,1051341,998499,1855,548,431,680,1166,1265,1741,796,455,772,443,569,641,1045,914,245,712,761,1786,445,2774,457,237
New Zealand,26716575,10796210,10604408,434875,50331,63051,44662,60492,52302,61488,62442,61204,59496,55980,59788,69060,76153,77952,63120,78928,73256,77498,69870,59142,63867,55968
Nicaragua,12821978,7067163,6463052,142445,42313,52957,45108,20205,92448,37745,86377,52205,81744,207513,42756,32764,43206,74085,34947,139836,210390,70495,76872,110376,91304,48353
Niger,118366970,0,4,5782,0,0,0,0,0,0,0,0,0,0,0,0,0,0,0,0,0,0,0,0,0,0
Nigeria,90840998,4725124,4488672,927801,19225,17811,5435,8338,6289,13137,10422,12815,11186,18422,25997,15822,16518,25685,14113,29449,55876,44348,33478,40594,36844,39951
Norfolk Island,4063,0,0,0,0,0,0,0,0,0,0,0,0,0,0,0,0,0,0,0,0,0,0,0,0,0
North Korea,12275519,4093698,3360822,288492,10504,4396,6085,9314,13040,10596,10893,15611,11005,15914,4656,13865,4366,8951,7356,9947,7267,6597,19580,12192,11605,7701
Northern Cyprus,331407,7631,5233,1628,14,2,1,9,1,11,9,17,19,7,9,3,11,22,12,19,21,15,11,4,2,370
Norway,32512221,9807527,10628756,476523,22172,26362,14664,33071,24617,40118,31578,33545,23108,39864,32610,29537,32067,38071,35712,58147,55990,57172,63036,66025,61982,65261
Oman,30933274,0,0,1548,0,0,0,0,0,0,0,0,0,0,0,0,0,0,0,0,0,0,0,0,0,0
Pakistan,87417631,666940,370582,133481,196,278,563,1046,828,1190,990,932,815,658,417,200,33,25,2,0,154,60,65,55,46,33
Palau,48743,40143,38627,135,52,75,17,29,43,35,90,64,30,33,31,28,21,92,0,0,0,4,8,14,3,9
Palestina,621997,273,223,1697,2,0,0,0,0,0,1,2,0,1,0,0,0,0,0,0,0,1,0,0,0,0
Panama,7510420,5454717,5177449,84109,17873,18717,10991,16434,12067,33355,20139,38950,35784,15203,22743,16656,13803,13700,10343,17023,29977,27099,32787,26500,23575,16752
Papua New Guinea,46363061,41976753,41702002,266145,35783,54205,31679,57810,38819,56114,48962,70675,48949,68481,52801,73026,55916,104591,178565,175394,115923,117095,94277,77801,75974,140710
Paracel Islands,1969,0,0,0,0,0,0,0,0,0,0,0,0,0,0,0,0,0,0,0,0,0,0,0,0,0
Paraguay,39958668,13995686,13385090,642488,106608,142233,208197,192190,162691,94729,257255,238662,218719,293737,274293,292275,159324,147431,120156,159532,204175,111746,229455,143094,167788,124690
Peru,129281869,76831887,77013256,430186,85317,79687,73211,100625,161951,88284,115093,125945,176952,141529,124547,273536,207079,203194,164811,228047,298333,209567,229273,275955,222698,233032
Philippines,29585658,17415157,16824058,172161,34460,31673,34667,48050,49095,56801,65675,38380,60008,101155,32958,58577,57407,99174,63877,124480,110284,67904,61908,61502,47161,82179
Poland,31239918,9529734,9155424,892072,18439,29918,31996,40103,79896,36391,55773,46607,45692,70206,55557,53667,33608,53732,40942,82797,91953,92431,73908,71885,74657,68751
Portugal,8955506,1589978,1449273,168607,19273,27989,21533,43191,32227,35556,30814,28698,34317,42205,23444,47688,37431,44273,33313,67620,120212,72894,24917,44408,25733,30840
Puerto Rico,897037,491959,488229,7141,1179,1091,1134,1252,1216,1180,979,1163,916,572,1168,631,656,788,671,550,55900,1193,633,634,638,566
Qatar,1162494,0,0,38,0,0,0,0,0,0,0,0,0,0,0,0,0,0,0,0,0,0,0,0,0,0
Republic of Congo,34173223,23943299,23681987,113139,25332,22773,17615,12605,17814,21037,27851,15343,16860,41107,25801,29291,48895,65407,41829,105851,57207,57807,66478,58238,47793,53768
Reunion,251271,131489,136405,0,27,458,128,0,209,589,0,14,174,204,477,665,885,423,2,6,0,0,0,0,0,0
Romania,23833794,7383118,6998751,223890,17421,16169,9313,18683,19261,12937,37587,17397,16028,17684,16726,30087,12619,19102,10722,22703,18810,18746,12084,27135,14434,16135
Russia,1689455452,601267937,600144782,37220539,1447757,1949102,2249759,2748374,1382735,1871714,2093229,2600462,1803959,1612863,2564996,4493951,4077015,3320880,1893865,3810550,4350646,4134390,2636579,3508875,4302011,3356549
Rwanda,2527770,204388,233787,16061,1089,522,698,713,525,447,855,700,969,1430,658,619,1008,1433,1164,1495,1127,2127,1299,1660,1421,1085
Saint Kitts and Nevis,26718,12369,12265,426,43,19,30,23,18,19,12,22,33,18,12,10,5,4,1,8,4,5,8,10,9,4
Saint Lucia,61448,49236,47340,143,30,11,19,40,52,98,48,56,54,99,61,66,35,40,7,105,81,33,22,41,34,34
Saint Pierre and Miquelon,22663,4146,7815,32,0,0,0,0,0,0,0,0,0,0,0,0,4,1,0,0,0,0,0,0,0,0
Saint Vincent and the Grenadines,39789,27793,27260,127,7,8,9,21,16,10,23,41,29,65,30,24,13,10,2,16,30,17,11,7,13,63
Saint-Barthélemy,2469,484,416,3,0,0,0,0,0,0,0,0,0,0,0,0,0,0,0,0,0,0,0,0,0,0
Saint-Martin,5616,1681,1548,24,2,5,3,2,4,3,3,2,1,1,9,3,2,1,0,0,4,0,1,2,2,0
San Marino,6122,596,725,19,0,0,0,0,0,0,1,0,0,0,0,0,0,0,0,0,0,0,1,0,0,0
Saudi Arabia,191598434,7,0,7599,0,0,0,0,0,0,0,0,0,0,0,0,0,0,0,0,0,0,0,0,0,0
Senegal,19688983,2065,3755,77187,16,51,10,41,30,9,28,72,23,30,29,11,14,8,9,11,17,11,7,28,9,9
Serbia,7823140,2504393,2226082,76227,2348,1119,856,2610,1535,1869,2201,3190,2489,2447,2183,3330,2667,4250,2749,4553,3438,3843,3839,4859,3931,4357
Seychelles,20268,2882,3867,1,0,0,0,0,0,0,0,0,0,0,0,1,0,2,0,0,0,0,1,0,0,0
Sierra Leone,7260136,3589286,3150653,102137,16583,13728,8022,3491,5812,24614,19766,19232,27669,7992,28830,13464,131503,117931,170307,130287,177136,140291,131366,114907,85505,91014
Singapore,69704,16769,18075,1977,40,116,17,32,77,53,71,35,171,42,71,88,24,171,133,132,232,259,264,154,189,97
Sint Maarten,3801,913,694,16,1,0,1,1,3,2,3,1,2,0,2,0,2,0,0,0,4,0,0,0,0,1
Slovakia,4909916,2298453,2251857,35797,3857,3975,3706,4577,27428,7962,9392,13338,11159,16990,11454,9077,4999,17185,5208,16814,14080,17575,10244,11850,6030,5132
Slovenia,1998091,1247111,1210201,7768,602,711,514,1245,1893,1217,2073,1818,1919,1416,1417,870,616,5354,1009,5355,4833,8188,3418,3847,2187,2776
Solomon Islands,2853324,2731814,2694518,4917,2186,3862,2372,3541,6545,5063,5660,8165,6028,6412,5854,8793,9440,16883,14929,17933,19724,17796,16522,14577,11972,14472
Somalia,63353850,15648,27803,4189,145,98,50,76,51,47,81,98,152,79,91,60,95,31,21,26,122,15,154,38,41,29
South Africa,121971019,3163002,3114824,388241,69583,43178,85098,65561,96011,94685,40788,73425,60692,55250,61287,72455,37710,45243,44015,46080,60122,40425,47814,39803,32887,24878
South Korea,10022830,4518887,4088546,109265,4194,3692,2754,9146,7001,7877,6534,11271,13864,12679,10443,14038,7676,11103,14550,18662,17266,17993,17474,16456,14238,21777
South Sudan,62809871,4111869,4603821,1082861,2705,3971,1049,4985,4724,3719,4810,4149,3819,2247,5441,3326,2604,4439,1866,3317,5334,2021,2671,1833,2145,2583
Spain,50604279,8099431,7564948,381024,27245,31062,19406,55930,40399,62755,53292,39289,58931,50391,35254,62064,49991,59532,51992,86291,74271,98600,57944,82572,68556,101445
Spratly Islands,188,0,0,0,0,0,0,0,0,0,0,0,0,0,0,0,0,0,0,0,0,0,0,0,0,0
Sri Lanka,6583727,3546043,3032495,60079,3535,3183,2996,4927,4383,7094,9175,6084,12669,6839,13558,13189,7095,10932,6913,15583,11845,11797,9444,10070,12108,7633
Sudan,187213492,1171,2624,216598,2,4,5,0,5,1,21,5,11,1,19,1,0,0,0,0,0,0,0,0,0,0
Suriname,14642557,13913267,13901630,23724,3675,3699,4469,5363,3495,3387,3609,7478,7295,6976,5683,19441,10170,14664,11879,16775,17943,18947,18396,15045,12226,14511
Svalbard and Jan Mayen,5442472,0,0,0,0,0,0,0,0,0,0,0,0,0,0,0,0,0,0,0,0,0,0,0,0,0
Swaziland,1738333,199650,185227,23455,6228,3491,5360,4986,4246,8379,6104,4223,9899,5760,2155,3092,2448,3658,2257,3333,4363,1237,2713,1661,1764,1026
Sweden,45004558,24023218,25417471,1671285,142676,175486,91416,267899,244874,245600,180729,289328,206430,261750,203937,232296,192942,235974,210405,300643,320577,281341,323280,329764,323885,319884
Switzerland,4124550,1445309,1408058,15072,1139,864,421,3756,2297,2021,1828,2387,2245,1713,1925,1496,768,1464,758,1654,2493,3083,3470,3900,3409,1952
Syria,18691798,82138,80808,5711,234,127,97,92,709,252,1508,776,108,216,136,4699,1099,788,2067,1527,1770,769,994,2558,2238,387
São Tomé and Príncipe,100218,13223,13224,0,77,0,0,0,0,0,0,0,0,0,0,0,0,0,0,0,0,0,0,0,0,0
Taiwan,3640651,2249940,2132312,29315,1096,959,1083,1793,1470,1990,1671,2238,8098,2413,1426,1423,902,994,899,3118,2366,1750,1319,1328,1347,1355
Tajikistan,14211295,19343,6834,19712,50,27,24,14,20,12,8,21,24,7,13,15,1,0,0,0,0,0,0,0,0,0
Tanzania,94057691,9700637,8655854,557236,54939,55812,45465,41778,48323,44955,55732,89668,63256,82008,60903,79269,87219,93048,47944,69067,91001,76632,70506,78514,70617,70067
Thailand,51405449,17966879,16667270,1842371,32935,54663,52269,82095,78978,89322,84335,74861,122303,124864,85593,99600,75501,123930,110346,154482,178881,120564,114973,105465,108502,96495
Timor-Leste,1491565,616898,554176,11134,663,1566,672,1997,1283,2877,1523,810,2545,630,1401,1808,388,1572,704,1094,1470,1080,1288,1261,1246,970
Togo,5699519,127368,153931,47916,835,385,417,483,250,281,863,243,561,143,409,345,528,375,152,946,1676,1263,1106,1128,1289,1044
Trinidad and Tobago,515900,383108,366307,3320,1803,715,716,723,1203,1725,1087,1251,1358,3380,372,705,749,1524,662,1334,732,935,649,846,309,369
Tunisia,15486458,178455,107310,10133,209,211,1263,283,548,308,780,608,853,344,1976,1313,1147,1909,1555,1152,7338,737,460,927,1901,2506
Turkey,78070341,8214010,6609534,473795,19425,21966,15013,24220,17624,21942,20472,23222,23655,14144,19677,23561,17883,17218,22327,19719,26064,27790,30165,34690,59781,39802
Turkmenistan,48959210,5851,4492,419,24,68,56,22,22,11,15,62,8,8,7,6,0,1,0,0,0,0,0,0,0,0
Turks and Caicos Islands,99152,8653,8192,64,4,2,7,7,13,3,45,45,90,32,9,7,10,29,20,18,31,35,16,33,42,15
Tuvalu,50,0,0,0,0,0,0,0,0,0,0,0,0,0,0,0,0,0,0,0,0,0,0,0,0,0
Uganda,24143953,3270233,3064349,185027,25435,7896,9520,14281,24290,23272,31204,30570,18484,30198,54167,23295,32030,36110,37228,45787,69576,51145,38644,42173,26838,34635
Ukraine,60136110,9691026,9352623,926362,27439,25096,36816,46981,34802,40255,62190,50243,46012,51148,58671,53815,35668,44897,46236,98497,80352,69603,42364,73849,61508,44200
United Arab Emirates,7120448,0,0,596,0,0,0,0,0,0,0,0,0,0,0,0,0,0,0,0,0,0,0,0,0,0
United Kingdom,24548498,2962329,3454024,473123,20858,18802,1738,23051,8213,18906,29619,11806,34897,27316,22089,34701,27124,29088,23144,27607,21945,25198,27134,21778,24998,32567
United States,947295610,244567020,227562923,13986700,1856943,1870736,1544225,2458621,2434773,2416774,2307144,2136147,1521998,2008152,1611291,1888194,1571411,1607381,1957748,2058805,2099064,1911150,1850817,1780477,1851285,1893517
United States Minor Outlying Islands,542,122,43,4,1,6,0,0,83,0,0,0,0,0,0,8,0,0,0,0,0,0,0,0,0,0
Uruguay,17746574,1387983,1604415,654495,7346,6609,10215,14402,15264,20141,20635,22673,18543,17554,26983,30234,17706,23362,15929,20650,18839,16254,12032,10382,13963,12794
Uzbekistan,44755388,51378,37573,43149,228,195,41,37,17,35,32,34,75,22,26,40,15,63,0,0,1,0,13,2,1,6
Vanuatu,1231886,1161474,1101226,303,122,107,524,374,249,217,111,192,1092,305,596,186,1011,585,3380,1265,423,1024,238,3927,56,46
Vatican City,53,3,4,0,0,0,0,0,0,0,0,0,0,0,0,0,0,0,0,0,0,0,0,0,0,0
Venezuela,91249226,53746319,52375846,491357,114559,82952,81191,83898,87693,77758,106062,110183,129950,96108,69800,98318,59069,92064,56896,199541,158785,106772,135699,134832,61468,52896
Vietnam,32927600,14759930,14227390,1004759,44363,45013,40011,69228,96097,74372,76520,101946,132692,166166,124749,170261,115552,188482,190410,311456,249049,193789,185450,179459,164348,138880
"Virgin Islands, U.S.",36214,17846,16940,209,120,20,39,33,19,72,25,39,84,21,49,26,27,21,0,9,1122,44,17,14,19,33
Western Sahara,26732060,0,0,1,0,0,0,0,0,0,0,0,0,0,0,0,0,0,0,0,0,0,0,0,0,0
Yemen,45220898,10,22,7047,0,0,0,0,0,0,0,0,0,0,0,0,0,0,0,0,0,0,0,0,0,0
Zambia,75049202,9185040,7213700,768157,19807,22499,21796,14157,23006,19319,23955,22816,61413,91865,33412,66560,32770,38139,33569,55185,56191,50625,45404,56757,70026,61795
Zimbabwe,39068111,293242,270037,151989,4221,3638,4204,4390,4985,9862,4246,1988,8681,2356,5420,7036,5974,5268,7866,6099,15848,3157,6765,3314,3364,4237
Åland,150643,87761,85289,2583,389,274,216,728,691,98,245,1275,669,626,461,650,506,536,548,641,705,604,2331,663,1327,1098
